"Path","Size","SHA256"
"CHECKSUMS_SHA256.txt","701","370c528d0f9cc311e2ee1fa89fa555d88c4538d7cedece54c7a46ffe95b5b650"
"README.md","1392","d2babf67b99512b066584127a56e8e5c0f94fed773915ae4cdf291cb3d06bd68"
"docs\FRONTEND_DEMO_OPERATIONS_RUNBOOK.md","934","99653193000d40cca59a47371aec8ae3f9c7807c005629fe311fdb4976389905"
"evidence\VALIDATION_STATUS.md","783","98cbf3352bcce7f002aa0859be611fc025a380235aa630254d62dd5c5dcc64a5"
"Kmitora\A000_1M_CAPABILITY_UNIVERSE.md","1822","e2c849aa1dedf4dd0fd3ba57690201ef275561cf93a52306453bc77f9c2d8a4b"
"Kmitora\A000_1M_UI_LIFECYCLE_INTEGRATION.md","1554","2170217ddbb8fbea89723eec1e7ff8da451a00f471de79ed2cd11f536c754e25"
"Kmitora\CINEMATIC_EXECUTIVE_DEMO.md","1564","89b01919631acb72164c0f63c92c370824efc0338921268c0d02c2baf519ab5c"
"Kmitora\DIGITAL_TWIN_GRAPH_IMPLEMENTATION.md","834","5fe585293d43aeeb34546ef009a05885b5df496323482fff9d5aa46010088af2"
"Kmitora\DIGITAL_TWIN_LIVE_API_AND_ANALYSIS.md","921","cf2e66fbbeb6644f31f75374494cac431dc72ef1939b1268f02b5bd36d68e2e9"
"Kmitora\E2E_AUTOMATION_README.md","3530","7cc46fb0002b2e8d910ecf9bef15056c3b6f0609b7a0fcec1ddd0ef726bb5179"
"Kmitora\KMITORA_CLIENT_DEMO_PRESENTER_SCRIPT.md","6407","3c79d6834ebedf2ecab41b2b4f764ab9c548eadd030392587e249a27b7520ab6"
"Kmitora\MEGA_DEMO_CONTROL_ROOM.md","1344","c99b4d04db831c832e5f347d112f03b56e7e1edb66249eb22b433708f8b09b6b"
"Kmitora\README.md","3322","e5ae835cc63d1f0b105dac964e7b853596dc2bfac0392c065fa325a8c2cfcb43"
"Kmitora\run-a000-1m-ui.ps1","685","b10acec2db8110c4c1f950ec9c53bb2ab08e78a28ab53329a87cb6847e9c988d"
"Kmitora\run-a000-1m.ps1","1569","de073986ad46f067f729999846f7612a6508bfe726797b6e4a9167ee436190f9"
"Kmitora\run-cinematic-executive-demo-e2e.ps1","1737","fcc5a6c9f26d14825e541504bd665259406d1a020c92d20f01bd817e6be9fc0d"
"Kmitora\run-digital-twin-graph-e2e.ps1","652","f868308df71efce9b7abea3c803c5ee402c7d7b96d23b7a08d0fce8ce97b23c4"
"Kmitora\run-digital-twin-live-e2e.ps1","976","6b9bfb7d5eac6c259cd84c5ac8c62777399fd23e75ff7700d6feb76fb223c9da"
"Kmitora\run-domain-intelligence-e2e.ps1","988","7c7e98331a0b174f957741e8baf3474bb4c6f2ebbce90324967a28eee3fc9f4c"
"Kmitora\run-e2e.ps1","1255","7a2c8b04ae5d035ff01a1e063edb2a06802ee9cbf31dbfdc9e036825fd21dfb2"
"Kmitora\run-golden-path.ps1","2882","e14f4d8bb162f742ae449a3e67ce59b4d183fda3e66b3f7c39696bec42f9cff1"
"Kmitora\run-governed-chain.ps1","1098","c9cac998d4184a8a6b130e9cc756bec3afe694c23a2098ba0ed6ae4507fa4f8b"
"Kmitora\run-mega-backend-e2e.ps1","1108","4a9c332b9acead844371ca700a0126cc24e62eb5fe2155317d7a69af2fef68f4"
"Kmitora\run-mega-demo-control-room-e2e.ps1","1043","f32d165a868e781371ed6cd84d39c32a6d67b0736d4b4c46659f5c0958c7b037"
"Kmitora\UNIVERSAL_DOMAIN_INTELLIGENCE.md","1112","3be337f614c3c45361b2d2e4a4466e117bd0e8270824838f98c454c75abb25b3"
"Kmitora\backend\README.md","1118","a5cb7fa41ef7b68c7a7eb2b6be885d6f887b9e61ee7434e69355035deda9ab91"
"Kmitora\backend\requirements.txt","35","d3b0ba87a48c8c53481cdb5ca76f7eead6704982abe83fc525052b9cec862a01"
"Kmitora\backend\main_api\advanced_capabilities.py","14464","15f47ca07a2e5951313c916dd5ac67871e43c6ea7b7a81b95953d7cfb734d578"
"Kmitora\backend\main_api\autonomous_defect_engine.py","6545","efcd1430988d7502dbdf3a55f7219e430913cf74610fe42708f7ab6edc2a05d4"
"Kmitora\backend\main_api\digital_twin_graph_api.py","14750","b4aeec7d0d978fb12dca35ae3d852eb5dc7cbf94edb5f59410611a4eed1c5efd"
"Kmitora\backend\main_api\domain_intelligence.py","15326","ca3311f4116251989b53969976aedb136652901da1ad65e0e575772cd6c32ccf"
"Kmitora\backend\main_api\F1033_server.py","143844","bd13f046f975508b8636ff053a58067ae342d712099e0477b6f1e664e0540957"
"Kmitora\backend\main_api\hyperscale_capabilities.py","30625","5c932cf5b5a4813b3e519fd3c0ce35fe2e1b6209b5574a8b79856f9b53da8667"
"Kmitora\backend\main_api\mega_demo_controller.py","6578","61ff15bfad9bd490c2d701827288b6082d0d35010fd00892f98884dfa2e6981f"
"Kmitora\backend\main_api\test_a000_1m.py","1960","e262e4659f36f3bdb9c9ae223e84156da2e4cdff871f3dca9763a0861fedf9c2"
"Kmitora\backend\main_api\test_digital_twin_graph_api.py","2436","9468142d8bb6c4f207a05120dcbaaaa2dd2f1eca930cacd25923e949e634dad3"
"Kmitora\backend\main_api\test_domain_intelligence.py","2978","a2a4cbbe9be1cd2aeeea7c9c755d1c6ad4f627403ec4f231a34503bd0f2d9405"
"Kmitora\backend\main_api\test_mega_demo_controller.py","936","c27b33db18d6bd4ed33053de1ac9d938ca6eb85d62871e5f67394d1278e0682f"
"Kmitora\backend\main_api\universal_domain_catalog.json","15470","9cb74b156257b7bdf6fa98143e8389ebb10f4e384d0e59d31f63290fd8d6fee7"
"Kmitora\backend\main_api\a000_1m\catalog.py","8930","92dac8fb556e14be28ba87927e28112795d167dd4972c54ef40d6b9e153e9537"
"Kmitora\backend\main_api\a000_1m\cli.py","2514","cc2dadc66d17c1d47c27b97f5450cd2f6ccbb4c6a368479ce1086db1cadce78f"
"Kmitora\backend\main_api\a000_1m\engine.py","5722","26f9d32fab63940e21c87bbfc2b62582cdcd662026279f15b60a89af2727b088"
"Kmitora\backend\main_api\a000_1m\learning.py","1763","63201b6a4ec1807de74bb8c228de31e7cae23c97303d971058719108c454f33f"
"Kmitora\backend\main_api\a000_1m\__init__.py","604","d73b77ab1c67556ef9be2d1537f75647308c3d5c1c3bc5a0d4f624bd158dc57f"
"Kmitora\backend\main_api\a000_intelligence\agent_runtime.py","658","86907e0476ee97561a09265699d787edc8967f16b2192e3a9a900cc4d517acc6"
"Kmitora\backend\main_api\a000_intelligence\api_adapter.py","580","ad4f128aea4b232c6d6d7ceac3c6cd5d5bdf95e9b2b182c459c0c669a7e970d7"
"Kmitora\backend\main_api\a000_intelligence\causal_engine.py","748","43e2375dd9aca83170577394023846dae15f5eda53b4183ae7303e38bff09053"
"Kmitora\backend\main_api\a000_intelligence\code_intelligence.py","13166","e0e541242441b70e89e69d41c955ebae9b28350ecfe97c7113c831e3d0207865"
"Kmitora\backend\main_api\a000_intelligence\data_contracts.py","426","d2cf2cdb4991167373f9f33d0f6fbe84d57d02c3904d0cbf5a01f2eaf51f9851"
"Kmitora\backend\main_api\a000_intelligence\deep_discovery.py","2999","3fdd804301c608ea11a4067f06823556cbeca2e735a2f617447003fdf90e0591"
"Kmitora\backend\main_api\a000_intelligence\document_intelligence.py","1252","c942033e09d3536b8641d62db215a69cad3db0a4b66677acd29a9d4743d9c8e6"
"Kmitora\backend\main_api\a000_intelligence\engine.py","2587","2fde43825277c6a41c5c3530d0d1ce8ee941b83c914dd8cf7dd542226c0d2b48"
"Kmitora\backend\main_api\a000_intelligence\entity_resolution.py","734","07bbbe63b9891f2753c27db585c64b3c12c902d932887738b9589daa5668f1eb"
"Kmitora\backend\main_api\a000_intelligence\knowledge_graph.py","1343","abb2b9c55030fa9ea85efd1db940b22c866202757862b9608170de0726e83434"
"Kmitora\backend\main_api\a000_intelligence\models.py","1572","dcf4a55b1415f11c89d31372f5c85dce4d53cacd827174d26a08581dc02fd014"
"Kmitora\backend\main_api\a000_intelligence\observability.py","518","6bc061f16e7eb65beab182c2f1c4a819ae47cb5e4fb70d3090903c9ca89549f2"
"Kmitora\backend\main_api\a000_intelligence\optimization_engine.py","896","bbf1d4cb9b5e187ac8c1019ba9edd1b2e696a1e7b328f59d9ab948a04ebeb53e"
"Kmitora\backend\main_api\a000_intelligence\policy_engine.py","671","b301d7d90995cdf81c3504471289ab483f4765f1a43b0786149f17a2ac083c77"
"Kmitora\backend\main_api\a000_intelligence\privacy_engine.py","918","fef697bb9d9ce94d239cc044e08e7067a11c6f747f3c8410173780f3362c1570"
"Kmitora\backend\main_api\a000_intelligence\process_mining.py","1205","565baf47e83444ccb9993e63d7dcf9e4bf76974bb0c9dc4fbcf3e7336c7eb705"
"Kmitora\backend\main_api\a000_intelligence\protocol_registry.py","304","e3f687ad7110a5cc957b9b6ca31896c80755bf1e5d9df52a01d2a6712426fefa"
"Kmitora\backend\main_api\a000_intelligence\rule_mining.py","2325","4e90b009253dbd4478313b7ee970ea11735f606af7c1a7b3cc15126086fc65f0"
"Kmitora\backend\main_api\a000_intelligence\simulation_engine.py","442","8938e238684e2bb221e0e2ba364215ebe6f88f4323547833cae3aa0750c65377"
"Kmitora\backend\main_api\a000_intelligence\twin_store.py","1195","a0ee8f35adf70c93b3b25d33fb4f31debc12aff894de6fb58da3d59c704a1a01"
"Kmitora\backend\main_api\a000_intelligence\__init__.py","162","2c62bef086a2b22a99b468b96d362275043f24b83d6899b8f03eb7df47b3dc0c"
"Kmitora\backend\source_api\kmitora_source_api.py","16837","477e14b762693fd4393f2a1b30c20f3e4a394e00f3df6f97f1f9b6f37004371c"
"Kmitora\backend\target_api\kmitora_target_api.py","16163","feac76400f5d4deb3e5a9f18ff1477416047b6634af6547ef06c6229ac8f30b0"
"Kmitora\demo_backend_mega_e2e\mega_enterprise_scenario.json","1760","58600169cec0f130cd12a3f00344a4496413679ff94af30eaa781c80cf1cdc7e"
"Kmitora\demo_backend_mega_e2e\README.md","1506","4b7d143e86e25fed72db787f34cf022da72f1b9af97c2c471716e85a83af746a"
"Kmitora\demo_backend_mega_e2e\run_mega_backend_e2e.py","28606","ef4a63a152a24c88266c29915570dafc337b1e34f4d7543337088a7ea333874b"
"Kmitora\demo_backend_mega_e2e\output\mega_e2e_report.json","68968","02ae9472408d9b0a04c5ab55bd13bcb92fba2ed4869379c4460191a24df52999"
"Kmitora\demo_backend_mega_e2e\output\mega_e2e_report.md","8063","57585e8f423d334a52e75b5e430e8753785766dba8865fe74e46a6ec429c8db8"
"Kmitora\demo_backend_mega_e2e\sample_validation\mega_e2e_report.json","66492","71d2a7dd5383730f638366ebec138ad8db4b768d9fa051c0df86afcd10d21cee"
"Kmitora\demo_backend_mega_e2e\sample_validation\mega_e2e_report.md","7909","bb707623748ef44b63873484699d4ba314b9916f9f5e4ca8c38b50d1b4d5ea0b"
"Kmitora\demo_client_scenarios\client_scenario_template.json","1243","f61f7200c06683c8f227a41e68441595c9173c2e2e830e1d2196aabb1c7e5064"
"Kmitora\demo_client_scenarios\client_scenario_template.schema.json","2237","e24052514f032de486b424d5954ecac6f4ee94b99668119398d8a99a32ec7d40"
"Kmitora\demo_client_scenarios\preset_index.json","1795","ea1806be95e0fdcc68c3315dfe96081424aaf34e9aafbb5e4ca450e62acd0ee1"
"Kmitora\demo_client_scenarios\README.md","661","31614417a3646f54ee558c5afd3977c05787e0904acf4bd25f7063f6ff8657f4"
"Kmitora\frontend\.env.e2e.example","596","5348ed21a9993183c3c56908f1d9c7b49c2f9f834e8035e49a8ef399655eec85"
"Kmitora\frontend\index.html","318","4815cab7e32be70008128a7911bf6b701c403dc8fca8fd15c2a31e49b638930b"
"Kmitora\frontend\package-lock.json","61931","68f5e48a057ea3579a9810fa02d1ee3257ddc3e84c1c5a2ded48f69f8e60b4a3"
"Kmitora\frontend\package.json","1142","8dffd3d2b661acfa38bbf03c1e5cf93a4d5d758ebf0beb77b47b86371cd5c0ff"
"Kmitora\frontend\playwright.config.ts","663","a0b5d7f4b3fc85999357869cef1024486ca59144765583705e09f02749af66ae"
"Kmitora\frontend\tsconfig.app.json","681","bbcd078c923aa26585b32222f966a047948210372f3adbf41617e7553ef73e13"
"Kmitora\frontend\tsconfig.json","126","ad28d132ee48d6e23917cf5827cace785d0fc01a44ca68b0dda51cc8c3fd3f52"
"Kmitora\frontend\tsconfig.node.json","537","2199ce4ab98a28f1552ac18369f6ca6643bcbcf8019048cf1160d6e2e327fd11"
"Kmitora\frontend\vite.config.ts","1004","d5624d957b9ad04867a1f721425ca99bca8e5f8ea4c926034fc3d3c53c0708a2"
"Kmitora\frontend\public\favicon.svg","9522","61bc9a161de58248288e6905425d7180f0624c2865007b97d763fdac12043a66"
"Kmitora\frontend\public\icons.svg","5055","7ca2d67c9c3aebf50cdc8709ee8aacf8cdb8cc7ea6325ea94939caef5da1c53d"
"Kmitora\frontend\public\model-registry.generated.json","100","3c0f54cbeea795f39ee7fde38874979b192b926e67e1da33b3d9031a865665e5"
"Kmitora\frontend\src\App.css","10506","abd4ebcddf315b1254360e697cb5fa4443d7fe3460e53d0eadf7e9dc7e79c079"
"Kmitora\frontend\src\App.tsx","3343","ee53f73727c54965f41728c294c172af872b79ba57f1638d6f8dd65fe97e96bb"
"Kmitora\frontend\src\index.css","136620","6ca271ed028fe80786fe49a6c1009555f85c96daaa3350f6c5e36c1e059cebf7"
"Kmitora\frontend\src\main.tsx","398","3d69ff29c163dbecd11369d3300a5fbd52babf36121ff731270c16f55f9b68f5"
"Kmitora\frontend\src\styles.css","45337","08f9b758e65449582eb0184217416828ff5cd4d2c3b87b6e08ceaa8b61bd846a"
"Kmitora\frontend\src\types.ts","821","4567233aaf1c2442451867b09f9a5bb31d94a36568057f4adba58427c9af7875"
"Kmitora\frontend\src\assets\hero.png","13057","881ffbcaafc212e49addad08846a5b82761355fa20624253af3477ba33262c5c"
"Kmitora\frontend\src\assets\react.svg","4126","35ef61ed53b323ae94a16a8ec659b3d0af3880698791133f23b084085ab1c2e5"
"Kmitora\frontend\src\assets\vite.svg","8710","2f1f6c6f90a0ef7422cbb4cfafcd8ad329c507a18afdc34cc21fa72179b9c54a"
"Kmitora\frontend\src\components\A000CapabilityCoveragePanel.tsx","2335","ecbcf2f21ba3193c99cb7c5d55bb90a32a8e8b300494e192cdc072172518d509"
"Kmitora\frontend\src\components\A000DigitalTwinPanel.tsx","6203","964ec10fe987cfa3d74012a2891058257319168c3179c36a1714ddfcec4707fb"
"Kmitora\frontend\src\components\A000EnterpriseIntelligencePanel.tsx","7042","138d8f1e35cf99476b77f0c95879ebb5ff6559639e767e72b55aa70d0f943ef6"
"Kmitora\frontend\src\components\A000Panel.tsx","4936","80bc3fec66cf8e3be0164d546c10c64ef733cf8a6238c4801e13a0a444be3fe2"
"Kmitora\frontend\src\components\A000Panel_BEFORE_TEST015.tsx","1330","e8baa7034c973b1d70ac86915a5280612357a707bd34324ffc36af3c8d2ef001"
"Kmitora\frontend\src\components\A000ScenarioContextBanner.tsx","2914","450497826380a5a6b7b3ac592b1ffbad334cd6010e55f292ba44172600d71233"
"Kmitora\frontend\src\components\ActivityAuditPremiumWorkspace.tsx","21683","42a614e3a5c75d5cd5bbfaa6bf90d0a54e1b41d0346bb5dd3e11a3dfdb924d58"
"Kmitora\frontend\src\components\ActivityTimeline.tsx","766","65a32021e4ae628572e1ace0e4e5cd02049f984ab46375570419c1f3e81c638f"
"Kmitora\frontend\src\components\AgentOperationsPremiumWorkspace.tsx","18336","d9dc00ed94ed80fe1c102ea7e80c2b99ffb98b48ac1401c3a0c25bab36bc3fdc"
"Kmitora\frontend\src\components\ApprovalDecisionPremiumWorkspace.tsx","20531","fc6b19dfe9915614ddc65cf08dd4559d276822ec28e62c380312b2a11b1be405"
"Kmitora\frontend\src\components\BackendConnectionStatus.tsx","1899","7e9bb763fecceed7afc6bc4be2282484fde8c78548eeac6d5a11ea739d3c888b"
"Kmitora\frontend\src\components\ConnectR4Toolbar.tsx","1174","dcc87190f2bf0e377577a9c6c4b096cd4b5f8578602c987f53117e1b5a9632e7"
"Kmitora\frontend\src\components\ConnectWorkspaceTabs.tsx","2181","25ba0d07669b4f1f6484b800cc5f81edb2f4102217dd5782b6949c1e11a3bfeb"
"Kmitora\frontend\src\components\DiscoverPremiumWorkspace.tsx","16561","1ec1f35e6d6e719d3423d1a0918532570265a72b6a23ba009c45a0e6c7ce1678"
"Kmitora\frontend\src\components\EvidencePremiumWorkspace.tsx","22577","b4e4d65fb9b0402229491fd3c0a41bc645d5b41c61af9e17925ae76fc902fb59"
"Kmitora\frontend\src\components\KMITORAAutonomousQualityPanel.tsx","3124","127a664b6cd66737391ea673a7463168a312e39657a8062db8ba1c610c8bcbf7"
"Kmitora\frontend\src\components\KMITORACopilotOverview.tsx","636","d3b6e4ef2a7340e3c069267c7ca3fce43b5ff78cc27d7586a110f5d54f24a955"
"Kmitora\frontend\src\components\KMITORALifecycleRail.tsx","1495","f8aa1ed3528299a39847aeacdceb050e2eb7c1a912b80ce440f0ca5177edfcb5"
"Kmitora\frontend\src\components\KnowledgePackSummary.tsx","2028","6382f671857b7bfca58bd69cc632ce258ba430aaefe3ef7ddeb9b845a33b7268"
"Kmitora\frontend\src\components\LegacySystemSectionsSuppressor.tsx","2146","30ea729d09ef4e5c64d995f1fef9a191757d0aa80865c959c8e0b1f211c27abc"
"Kmitora\frontend\src\components\LifecycleStageWorkspace.tsx","8861","ff59103354c87a3e0c8acddda56459d79505b946658f7f723fc64d0b144858d6"
"Kmitora\frontend\src\components\MappingPremiumWorkspace.tsx","22461","1429ff961ba897d02d00740bdef4172c01ac554e7108e98d0d22b6ea698a456e"
"Kmitora\frontend\src\components\MigratePremiumWorkspace.tsx","23184","bd036c7a0c3bccbdc2de9eaf4190ae6508e3f83d81fb0cb59ab2269f67f053f3"
"Kmitora\frontend\src\components\ModelIntelligenceWorkspace.css","2415","67709b5bd270cda6a79af4a7a5337c28f4a40e20ea7c7a0c3cf120a6ab280206"
"Kmitora\frontend\src\components\ModelIntelligenceWorkspace.tsx","4398","7eee5c0a843e163557efbd43ddbf4342413ba257d535d09efe5737116c3403c7"
"Kmitora\frontend\src\components\PremiumShell.tsx","2005","183d386e8c7bdbcb6259406bc4d4c7a6d6cd7deffaf5926ee22e4007c09ba608"
"Kmitora\frontend\src\components\ProgressRing.tsx","429","0ea4ce371e70ad8c4d56cd88a41d19aa38ec01ccdff53108307ca8b6bf40d149"
"Kmitora\frontend\src\components\ProjectPickerModal.tsx","1337","bbb28b27a0718aad32f34e714a6bf5efa15a27ab84aa30622565a30333406b3d"
"Kmitora\frontend\src\components\ReconcilePremiumWorkspace.tsx","22864","caccf319e74562684620aa597e83c05b34862ea699df1e21648196e8e53395dc"
"Kmitora\frontend\src\components\ServerFileBrowserModal.tsx","1970","f77be3d11b81592b8894f210fbc1071ce290857d7a3edb420bc42f747cdc1561"
"Kmitora\frontend\src\components\SettingsGovernancePremiumWorkspace.tsx","19221","257e15dea77368d67fd3cdc3fc475fe79dd034d394b1a561e00581657ac0147b"
"Kmitora\frontend\src\components\Sidebar.tsx","2941","d2435a70a4ae9b86993b37bce6d27ea908005ce0a5e3cb8a6190e0d6e4af27e5"
"Kmitora\frontend\src\components\SourceTargetDashboard.tsx","12325","e42ecb56a9c8219e317b0152b103b4497a5ecb982004ddb185d9a3f3d9a6b6ac"
"Kmitora\frontend\src\components\SourceTargetExplorer.tsx","5809","70dca1f5921cacbd5eaa20f92d1ef17e17fc27f0a70728fc43130580978cd78d"
"Kmitora\frontend\src\components\StageTracker.tsx","741","8d323bc2dbfbc7014e33f1cda1214bc0e1b6583a61fae1be9af408a736266afd"
"Kmitora\frontend\src\components\SystemExplorerPremiumWorkspace.tsx","24836","db83aca08c46482ccb183875dddbd6a596fa14242092744ebf8f8938e679a2ba"
"Kmitora\frontend\src\components\TransformPremiumWorkspace.tsx","22513","f2ad26074e61ecdf3d7fc1d5b504b5d7b289a1ea182c9602e4ff14b09419649b"
"Kmitora\frontend\src\components\ValidatePremiumWorkspace.tsx","20144","25eb458ae8335fdaca63b9be6c59436c367331f8091484c1d4cc2777f66fc4ee"
"Kmitora\frontend\src\components\ValidatePremiumWorkspaceR2.tsx","25549","afea2dc1c4313ea213f83b1585912a8af2e7334025fac83200435cca1a4df48c"
"Kmitora\frontend\src\config\agentRegistry.ts","3489","50d2396aa7b066ef3c255479dc8cdfc95a1dce96629e77ae997d0b76822812e8"
"Kmitora\frontend\src\config\bankingRecoveredSources.ts","4082","33b25be0c5ba24999103346dc3f8afbae593e923b9efe37ac88d6fc6d3879ab0"
"Kmitora\frontend\src\config\capabilityRegistry.ts","6935","3ac2b33aa077a40d653ceadb8cfa370ad026a54faf96d5e729075332975770bd"
"Kmitora\frontend\src\config\connectorRegistry.ts","7344","21bc8a18165bba3f71c2ecd5a67bf16869e28963b31010f8829b70f3229c7610"
"Kmitora\frontend\src\config\connectorRegistry.ts.PRE_TEST021_20260828_201257","7344","21bc8a18165bba3f71c2ecd5a67bf16869e28963b31010f8829b70f3229c7610"
"Kmitora\frontend\src\config\connectorRegistry_PRE_TEST021_20260828_201246.ts","7344","21bc8a18165bba3f71c2ecd5a67bf16869e28963b31010f8829b70f3229c7610"
"Kmitora\frontend\src\config\digitalTwinRegistry.ts","3870","a4e528dc3fae38a19dcf2f38e08450826d00761ed5fc60c13568e8eefaa6c255"
"Kmitora\frontend\src\config\domainRegistry.ts","25898","e0e1d5da8240cab7eac32f57f94e5d58908d1970070f82fdcac52ee9059f54e7"
"Kmitora\frontend\src\config\kmitoraLifecycle.ts","2804","529f08d99dc319e28c6da7d8c409fdf94fff0011630977a582736e52492a142b"
"Kmitora\frontend\src\config\knowledgePackRegistry.ts","1697","a1d32e7c807c96484fc30a60d365d5a173c84c088a9d698dcdc963f3a431a58e"
"Kmitora\frontend\src\data\clientDemoScenarios.ts","12196","3803c04aac65108d0533b7949c1770a3f2f1e15a1343a973d7f7f4a1abeea3da"
"Kmitora\frontend\src\data\mock.ts","3959","ecb91c27c75d9b9e72a3bb7409101c3e0dec37289e6f1056778db38ac9d59b05"
"Kmitora\frontend\src\features\business-requirements\business-requirements.css","4220","0b32d27f012cafdfaece86f1e696091cc5acbaa40eba37d0ebb56a825d59fc80"
"Kmitora\frontend\src\features\business-requirements\KMITORABusinessRequirementsWorkspace.tsx","9423","8bae571c082a4029556ad05ff903beaced497e6a401d09adacb9dd19cd5ae109"
"Kmitora\frontend\src\features\kmitora-os\INTEGRATION.md","563","db54a2a992961855893f2ea3c232c07fd006e10536fddefebe782fa291559173"
"Kmitora\frontend\src\features\kmitora-os\kmitora-enterprise-os.css","5319","db6dea1dd29b35ca786dd8e7957846c3ba9d0e40e65f7ff688296e2a710af7a3"
"Kmitora\frontend\src\features\kmitora-os\KMITORAEnterpriseOS.demo.tsx","975","abc38e08f42a06ef91502e97c72b0855387548003a60747871ef9a9d36845c9a"
"Kmitora\frontend\src\features\kmitora-os\KMITORAEnterpriseOS.tsx","7397","63d76b1b18245c9197aa8199735512cf2876eb1a426a33a857e1dd392922d99d"
"Kmitora\frontend\src\features\kmitora-os\types.ts","1576","a508eab4807d132974db266e70b098f9d4d9afe007f26f743a040b24360571a3"
"Kmitora\frontend\src\features\source-connect\demoAdapter.ts","1546","37f24da2bbd8fd9e20df90078bd3023fbbb212905ef89d5deb9598c1600acf88"
"Kmitora\frontend\src\features\source-connect\INTEGRATION.md","1099","d795440de11c8f717d31a11cb41354675f29c37bdf9fc9264be35338cd3562fe"
"Kmitora\frontend\src\features\source-connect\KMITORASourceConnectDemo.tsx","288","220696789ececdbbddf78f6cc9058e460ade96e7eaafb8b00e48a69ad83eb827"
"Kmitora\frontend\src\features\source-connect\KMITORASourceConnectLive.tsx","296","39837a5166562bfec4187bf62501d8580b099ae591b9a825dba0c28e2cb1c969"
"Kmitora\frontend\src\features\source-connect\KMITORASourceConnectWorkspace.tsx","8633","5cd822d189143b6b53bb4bcdf72e26e6664f9d5fde4ee8b9c1db6401e782684d"
"Kmitora\frontend\src\features\source-connect\realSourceAdapter.ts","1430","303e1e81cf52e6aa2e09b3505ac6d9a4939814bb5b46e80e51e43ebe775cbfe2"
"Kmitora\frontend\src\features\source-connect\source-connect.css","4943","ba3188ef1b9183180ae46808e2e02dd994a7d4a48059dccd353cfa3ab4f95ec6"
"Kmitora\frontend\src\features\source-connect\types.ts","1265","6561e5fb8ca2899cda3d6871fb3fba6acfd6f3d790b5374c8e0ed8efec0a28c9"
"Kmitora\frontend\src\features\target-connect\connect-unified.css","2308","bd8f9bf4b0e26d5085cea957f9f8d15650eed7c2e92362d39f272eed6ea2e350"
"Kmitora\frontend\src\features\target-connect\KMITORATargetConnectLive.tsx","296","1df19fc78f42c93f1796119f88f297f1b412bb4ed192022ed4e8fe83e4380507"
"Kmitora\frontend\src\features\target-connect\KMITORATargetConnectWorkspace.tsx","13548","54035b8b70096425d15442d87fab7c994dbd1a934f1d835cc80dfb18be9db180"
"Kmitora\frontend\src\features\target-connect\realTargetAdapter.ts","1781","edc7c5cb5b3f894a17331d98eac073430b4ac6e569b217216305e37460eff52b"
"Kmitora\frontend\src\features\target-connect\target-connect.css","4513","cc7dad4f0354b150199077a5523ea6f7ed48a1c009c8d3ebccda7e663e55777c"
"Kmitora\frontend\src\features\target-connect\types.ts","1623","75830edf86f963aad0a222ab7a4492f6d9dced935e1bc661eb4b1e845a1d8a68"
"Kmitora\frontend\src\models\AutomationWorkflow.ts","907","73ce3604caf4de82d53fdba95524019d6fc4ce50236284dc9c23710762ca115d"
"Kmitora\frontend\src\models\AutomationWorkflow.ts.PRE_TEST021_20260828_201257","907","73ce3604caf4de82d53fdba95524019d6fc4ce50236284dc9c23710762ca115d"
"Kmitora\frontend\src\models\AutomationWorkflow_PRE_TEST021_20260828_201246.ts","907","73ce3604caf4de82d53fdba95524019d6fc4ce50236284dc9c23710762ca115d"
"Kmitora\frontend\src\models\AutonomousDefect.ts","1548","1660ed19e737cf3b9b2e81cd4ad9a87228163242671db0c139d6b0c4e886cb87"
"Kmitora\frontend\src\models\CapabilityCoverage.ts","466","369f2d0dcab672dd6475f7e428acdfbfbef7e6ea73224db3b0d8256963c26a52"
"Kmitora\frontend\src\models\DataViewer.ts","480","673addf38a900ae72dc8a0ec84379e746c05a73a65d21bd5515f85eca70774d9"
"Kmitora\frontend\src\models\DigitalTwin.ts","3307","ba36ba927d732fce9239b746501831e00317d973a2ca6f91a6361062ee1ba449"
"Kmitora\frontend\src\models\EnterpriseIntelligence.ts","3051","7eae4eff68c914923bff8e85bc2150a158b17a6f9357ebc97390ca2814b4168f"
"Kmitora\frontend\src\models\EnterpriseTwinGraph.ts","1538","4aff64d2865b51e34accfe1d25715afe90d8f6a030afd4e8f1678c20d0b26a33"
"Kmitora\frontend\src\models\KnowledgeContext.ts","1458","ce2ac99d1297ff4313a347e28e60c1789fdf2ca44135bbb97ff452ac80ed59b1"
"Kmitora\frontend\src\models\MigrationTopology.ts","2074","d596cebc42b80d1bebba75419097a76b9f29419e5951fb9c04f1db90918e8b82"
"Kmitora\frontend\src\models\MigrationTopology.ts.PRE_TEST021_20260828_201257","2074","d596cebc42b80d1bebba75419097a76b9f29419e5951fb9c04f1db90918e8b82"
"Kmitora\frontend\src\models\MigrationTopology_PRE_TEST021_20260828_201246.ts","2074","d596cebc42b80d1bebba75419097a76b9f29419e5951fb9c04f1db90918e8b82"
"Kmitora\frontend\src\models\SourceTargetAutomation.ts","933","c808882cc91a98152626933cf37e438099788d22eb3bf625e2d0239408d82b6d"
"Kmitora\frontend\src\pages\A000CapabilityUniverse.tsx","13975","9f03a8b730cba6887b925d34216cc395e1117e1fa4e05285924b41907e7148a3"
"Kmitora\frontend\src\pages\ActivityStream.tsx","18817","792614d11ae75b4b11e6db1a2de47e935ebdd85a0e64f2059d9f69e905162180"
"Kmitora\frontend\src\pages\AgentOperations.tsx","26178","456fba19308bd6059898680af2c700906606cb1206bfc2ce03342ff3bdf17a12"
"Kmitora\frontend\src\pages\ApprovalCenter.tsx","29129","f2c96d59f4d16e8dd45ba90c40eff46c9ee7ccfd63c27191009ea9874b0d2527"
"Kmitora\frontend\src\pages\ApprovalCenter_BEFORE_HANDOFF.tsx","13021","0a96d5982075cc2a5269649385e30d84ffbd41920c2b7de35472f98c1c01b883"
"Kmitora\frontend\src\pages\CinematicExecutiveDemo.tsx","15074","550e21880972250ff3ffefca0ea9ca46c9a7c3c450ed651f0d6617baec4dc9a2"
"Kmitora\frontend\src\pages\Connect.tsx","1300007","04ae58c959427c37b3dd664339d31e907df56b9e2247af03de906e1cedac77bc"
"Kmitora\frontend\src\pages\Connect.tsx.PRE_TEST021_20260828_201257","27882","45492551285a128747f7631992f7c50181538d713ac669b0c7a56fe534f67262"
"Kmitora\frontend\src\pages\Connect_PRE_TEST017B_20260828_160158.tsx","22122","02a916df1ad82530af565b4cf9050ea64a4e38b037467a9a2b3e4d1824610f57"
"Kmitora\frontend\src\pages\Connect_PRE_TEST020_MERGE_20260828_191430.tsx","48047","44e262a0505e0357495fc2d36201717fd40a205478afe53534754dd7f9c51852"
"Kmitora\frontend\src\pages\Connect_PRE_TEST021_20260828_201246.tsx","27916","443174b18c980a78c45024abf403677507466f3723497adb587b0bd76669630d"
"Kmitora\frontend\src\pages\ControlTowerPremium.tsx","6642","40aac94d4413bb4ca503df3eaff153c3106d4146c45e8f0c4989fa3a272de730"
"Kmitora\frontend\src\pages\DemoOperations.tsx","9943","6aff5d748e2b90f879264a892c32c3ab2f30bc34b2a57a4ff8e314e77c7fc1d9"
"Kmitora\frontend\src\pages\DigitalTwinGraph.tsx","20567","6f51ce42d2469ab57b03fe8f3f29568b1032d1701d3a5eeecd24e2ba9d702a65"
"Kmitora\frontend\src\pages\discover-unified.css","5871","a956d05477d11f92ca171a860b25ae0e466d57ebc7716f3e6bcf6a7dde08ca46"
"Kmitora\frontend\src\pages\Discover.tsx","30198","e11a7b53b072de97a7409c169426ea6e065dee744c053ef2037e84031b3031ac"
"Kmitora\frontend\src\pages\DomainIntelligence.tsx","13452","80cd767a57ae0734e4a919d84d4319ae1dacba5cd50d8bb982a546f0a955238b"
"Kmitora\frontend\src\pages\Evidence.tsx","17951","87429141a35ab17cc2a96a71bc2c7968c29252534c2fa76195cd2644310a3078"
"Kmitora\frontend\src\pages\Generic.tsx","439","86f8056437345fed3891741f493b7fc5b6ca10f959c56c7346e69c8b464402d3"
"Kmitora\frontend\src\pages\KMITORAUnifiedConnect.tsx","4457","b6c741a6607b2d8878b1e9e986e09f64c556319d992c2ee9305c3200f780c5ac"
"Kmitora\frontend\src\pages\MapPage.tsx","16463","7340c6d8f52e8ce4ceaed7b9a56298a21fcc479df33ff01b294cf3c1f8781ce9"
"Kmitora\frontend\src\pages\MegaDemoControlRoom.tsx","14117","179a75c917a0c4ffd3e5e4ee25ad34f4e7a3b5e6f319aa4a59cc436dd00d8959"
"Kmitora\frontend\src\pages\Migrate.tsx","44246","a78f5143d60d76cc4f8fc11899e843e7580fd227961fce6773d349bc1e221465"
"Kmitora\frontend\src\pages\Overview.tsx","9928","1b32ae6dd4ac976fb99f29f1292c6641e447a41dfc870e26a858b39b50dcce0d"
"Kmitora\frontend\src\pages\PlatformSettings.tsx","14804","cd1f5df4271932f4ec1ea460a25ab88b23d27541a8719cb62ca03f20bfc0d87f"
"Kmitora\frontend\src\pages\Reconcile.tsx","35057","985b6c4e00f8952b8d33e6d059114161729de679bdbd3b75f21570ed82ad070e"
"Kmitora\frontend\src\pages\Reconcile_BEFORE_LIVE.tsx","1128","cc1e9e55195ee3b56be0620cb293dfe08973dc7b0620669aab20b2b1e4b3355a"
"Kmitora\frontend\src\pages\SystemExplorer.tsx","26153","b5cdcea1dd9c462681cb5f1cb096c5767f86212c831b6542d95314d2251ae4f9"
"Kmitora\frontend\src\pages\Transform.tsx","25584","3719ad727358aeb1e5719818210c8d744c99c254ffea823d82908f635be5f588"
"Kmitora\frontend\src\pages\Validate.tsx","27699","d4283d996ae65605cd0adb1535daea8ecba01e5972b403fdd62028a8deecf704"
"Kmitora\frontend\src\services\a000KnowledgeEngine.ts","5787","955d8b4736117952d64253232cd59d68af226ce26f77f3740c1c58bd5d78c430"
"Kmitora\frontend\src\services\a000OneMillionApi.ts","3435","5848efc783f99af4dff6c100fa8a72211305881a6d821964feab61de6801fcb9"
"Kmitora\frontend\src\services\a000ScenarioContext.ts","1207","26327fb4e2dd6dd3202ff1f6023c27471862ded39a8ab898b38eaa48f992cd6c"
"Kmitora\frontend\src\services\api.ts","8854","8c67a5c2cc5e171073d8bba635185df3072c404598dd800d113fd98fc3511590"
"Kmitora\frontend\src\services\api_BEFORE_RECONCILE.ts","4324","f82140dda5ad6f21a68132390f7ff4ac067c8d360d9745d00e0d1a910ac7ae58"
"Kmitora\frontend\src\services\autonomousDefectEngine.ts","9681","e3adfeb036eed53b76b65ab49e53b7955df23a0348ec8268b2768f00090baf66"
"Kmitora\frontend\src\services\autoOrchestration.ts","4956","7a00e68deb113590eb9fb3c137fb8229ffe4458f19200be1b5000f64dae35528"
"Kmitora\frontend\src\services\autoOrchestration.ts.PRE_TEST021_20260828_201257","4956","7a00e68deb113590eb9fb3c137fb8229ffe4458f19200be1b5000f64dae35528"
"Kmitora\frontend\src\services\autoOrchestration_PRE_TEST021_20260828_201246.ts","4956","7a00e68deb113590eb9fb3c137fb8229ffe4458f19200be1b5000f64dae35528"
"Kmitora\frontend\src\services\backendApi.ts","2461","46002e23cc53a538821e443e47ed4cb48b3cfc7e0f801e660ccad76c0bfde622"
"Kmitora\frontend\src\services\dataViewer.ts","4137","8f775c77c881bb3f55977acf6e9092a059834da26270421e3f2aa1161eac9766"
"Kmitora\frontend\src\services\deepEnterpriseIntelligence.ts","9713","5d796b97f8d2fa07615fe9a1c64e599224366f7710c8c4fd28e136654a5e682e"
"Kmitora\frontend\src\services\demoSupervisorApi.ts","2991","dc70d778f3a63fe76502ef5edc8c3c133b6aa8953c437109c5f1b0626c6ee1c7"
"Kmitora\frontend\src\services\devValidation.ts","16561","eeaf4831e2878bd20474398f23b134886396fa18b9aa8464effb2afba1368a4d"
"Kmitora\frontend\src\services\digitalTwinEngine.ts","11427","6712009861dbbe75e1886c4526e59d27067c55783509cbc2f5427999a78be25e"
"Kmitora\frontend\src\services\digitalTwinGraphApi.ts","2670","2c54ba45a577caa001df8a97222b2b9103d6123e145cd66ad398dd76ff70a9d0"
"Kmitora\frontend\src\services\domainContext.ts","650","ba24f47e419b4c087577082a278f1fbe200362b4749e0afa4dd5ec4153760ede"
"Kmitora\frontend\src\services\domainIntelligence.ts","3185","a2c19d8b656e35a588e7dce030ff62b2c6c91d665f7e3c62ce853ffdfb9db930"
"Kmitora\frontend\src\services\domainIntelligenceApi.ts","3662","c8ed2ac88eb92f8288045b73015a0f7778307640f1e99368f7432903c53f2826"
"Kmitora\frontend\src\services\enterpriseTwinGraphDemo.ts","5542","ad01d4a2fbc8c697c126abe3254c4b6e2aaee63855d68010c761a359ebcfb4a5"
"Kmitora\frontend\src\services\megaDemoApi.ts","2803","aa6aec468d860eafdd2c84e1b0c11134cb129548096a6a924bc97f35140e0d9d"
"Kmitora\frontend\src\services\modelIntelligence.ts","3972","213008db69111f5459ecd5430a2d8988680accd45970089efed9dc93799f1e23"
"Kmitora\frontend\src\services\projectRepository.ts","1509","e4f4ec8b73769a84158d571377a616da92ee0dada32956b57d46adec419a8e22"
"Kmitora\frontend\src\services\sourceTargetAutomation.ts","4224","066315a677e9a7d31909131b98435d16ae5e8e9f69529cee0613ea29c56f17f3"
"Kmitora\frontend\src\styles\activity-audit-premium.css","8813","ad9c12784585564a7def4d1f3735c4d04e478bd1fca4849e6c59fe017e02c4c4"
"Kmitora\frontend\src\styles\agent-operations-premium.css","8004","0c8c8f6e438ea8ea4aef2f1dcb1be4156863e7661154d12a79536f48ef0db538"
"Kmitora\frontend\src\styles\approval-decision-premium.css","9624","85dc3d3950e93c7c9fed475c10f300f2e50bd3828450d2df58df5ab7bda872eb"
"Kmitora\frontend\src\styles\connect-exact-r2.css","9291","9117cabd1d70ec1dd4f54b9d2f04a32141849096301059f2bcff77d4fe93461d"
"Kmitora\frontend\src\styles\connect-premium.css","9449","3648dd8f1f95754f8341d171f076718a9cf7f3c3b3ba036ffb710ba3e11c64c6"
"Kmitora\frontend\src\styles\connect-r4-smart.css","19177","c06a7a15c53533573a50334d822e9ac734a0beff3d17b79d4ee5ea4e36c9a8cd"
"Kmitora\frontend\src\styles\connect-reference-r3.css","4905","717c8e14d2edbdf5157abf1a4b5be724dd354bb5dffe1c1835e845cf760f6f7a"
"Kmitora\frontend\src\styles\connect-workspace-tabs.css","8899","459f3be6935fd01e19cb1818bfab968f467683c03d1271695416b0d20690e266"
"Kmitora\frontend\src\styles\discover-control-tower-typography.css","4971","52e4230b7eb2faf415997c46b999bbec4eae70d25ab9cbd4e6f2c86dcec31376"
"Kmitora\frontend\src\styles\discover-premium-workspace.css","9194","0a54db52da266b129c1c7375bfad26d6e0d6277a7136f29083b5f15cc94b5eb0"
"Kmitora\frontend\src\styles\evidence-premium-workspace.css","9039","385b10448f730ecb0faa64d66ef1f6c70183d5602c8162d33a047a2735984ee8"
"Kmitora\frontend\src\styles\kmitora-premium.css","15770","e38792dac0acd265f08cbd7a5d16a5acd6e6dc10461964cb712d591d90127796"
"Kmitora\frontend\src\styles\kmitora-responsive-visual-consistency.css","6810","176164b723327fa488cc0bf7aeb0ea2dce6251c73b4a36beea0ecad06ba57929"
"Kmitora\frontend\src\styles\kmitora-typography.css","5351","7cef0762a9242916e5fe1f16929336d39dc6ed8c3053afdfaeb7dab92435c408"
"Kmitora\frontend\src\styles\kmitora-ui-conformity-r1.css","7242","2beda34e7b2bbc40ff7544417cb3904f6fe614831fa529c527b70254fd64b8b0"
"Kmitora\frontend\src\styles\mapping-premium-workspace.css","12747","bd1877fe54f7cf270b3cd698ad188530a63cbf77168541b312c542b95e22cb1e"
"Kmitora\frontend\src\styles\migrate-premium-workspace.css","9685","29076690f26df52b74f613a09d60fb0315723dbc2c0485e2c2490bf3fb61fe56"
"Kmitora\frontend\src\styles\reconcile-premium-workspace.css","10339","3c13b01087c75967e27bb7821d861a2ad5cd1947f0dda4a49fb8f5db44331cc8"
"Kmitora\frontend\src\styles\settings-governance-premium.css","8428","127664c9cd71109e90238d600a6f0ef5e0832a88fd22fc02a9d12dfa3ba3b6c0"
"Kmitora\frontend\src\styles\system-explorer-premium.css","10532","d41b38dfce54c2f59fb69f9f6a36c98cc999e3d67d2696f99728eb24662b47ee"
"Kmitora\frontend\src\styles\transform-premium-final-r2.css","6327","3676e65ff05b330aed166e10bbea83e98fc7a29adb07803e1954ddba137b6723"
"Kmitora\frontend\src\styles\transform-premium-workspace.css","12481","910b55299fd902faa068c4003b8383d813b4c8c35c9bd2c5aeaedef87c824dc9"
"Kmitora\frontend\src\styles\validate-first-image-exact-r3.css","6772","5fb53db8b4d5c18dbded124fe8b2e59f5ff1fcd5844bbe9a35c891029cd3d1cf"
"Kmitora\frontend\src\styles\validate-premium-workspace-r2.css","9269","215bc12edc4329222203adb9ae2f80383ea3ed2b9f3be5c729dd03ceb7eaf46e"
"Kmitora\frontend\src\styles\validate-premium-workspace.css","8834","949e7f102e14850c05ce8178f0f5c53d8cd60e330436ddb8ca175d40ffbee901"
"Kmitora\frontend\src\types\api.ts","1237","455d0fc8673a30aed42c75b83ba2e967df9439c0af42138e6c07e666842208bb"
"Kmitora\frontend\src\types\modelIntelligence.ts","805","77ce9c5060b495ad24e19d0150af95b653e45b7300d04dec7f61dad99df47b68"
"Kmitora\frontend\src\types\speech.d.ts","852","9b8592a749c33f76f455996189f4671d4558feb469e1c3fb7cd0b5cf0db0e5f7"
"Kmitora\frontend\tests\e2e\01_health_and_safety.spec.ts","1104","736c9dac095ffc4e6d7d5a60b8ff5e5f53c69579aa3dd95fb01a1165ff7ed382"
"Kmitora\frontend\tests\e2e\02_lifecycle_navigation.spec.ts","1207","2fa3490825239a99d6096903ea6bcabf080fc7fe17c9dadb861f32d272d0d83e"
"Kmitora\frontend\tests\e2e\03_source_golden_file_api.spec.ts","1283","39e87393ca01e4a155a079863a0948275d63c4678d37ba8bf4d57846fa57f529"
"Kmitora\frontend\tests\e2e\04_target_dev_api.spec.ts","871","f30c587b216cb1770221d27cea0f5ceb2d7eaabb206a3ff0d9abbc1e2c2ab13e"
"Kmitora\frontend\tests\e2e\05_production_write_block.spec.ts","1296","0e3ae92dc6af44c699dec7b61d2e115a1a607cea0cd93a7760835626f178feec"
"Kmitora\frontend\tests\e2e\06_ui_button_smoke.spec.ts","2366","3a56185d95feb481d8daa73ffa80e5be770f872d84c7fcdc8a01c5e07ebadcd1"
"Kmitora\frontend\tests\e2e\07_stage_chain.spec.ts","649","d6a748740345fa8d2781a562152de421902197117f3035835b1cd9acbf3814dc"
"Kmitora\frontend\tests\e2e\08_console_sweep.spec.ts","716","85204cf29f352170714346f2e441d209864ed8b47cdb69930f315b5dfde65057"
"Kmitora\frontend\tests\e2e\09_real_source_target_golden_path.spec.ts","11215","9f122a2ac60cba965a0d13573e6b522af8de29b30cf30503b4b1d0c28a5a0d69"
"Kmitora\frontend\tests\e2e\10_governed_execution_chain.spec.ts","22161","4e0e895dad7258fe535eece8ba0a6fd6d703fe91160cadddd60eafb3f7bf5cf7"
"Kmitora\frontend\tests\e2e\11_a000_1m_ui_lifecycle.spec.ts","4530","34249cf660ba21ca8189feab529f65ef1ea94e1b99fb9f5d077194384e5183c3"
"Kmitora\frontend\tests\e2e\13_digital_twin_graph.spec.ts","2114","48a47508dc8614f7d13cd79281acc6fc439650db9e95d8a307f04e13fb022047"
"Kmitora\frontend\tests\e2e\14_domain_intelligence.spec.ts","1429","5fa73abb9f2423521e91df42fefef5f29787d67020e21fc2759fe135a043fdd1"
"Kmitora\frontend\tests\e2e\15_mega_demo_control_room.spec.ts","1077","cdcc386bf2faffd976e6720490f6d8d88e4ec8354416f0a1a49f34c1f5865578"
"Kmitora\frontend\tests\e2e\16_cinematic_executive_demo.spec.ts","1167","897c394a0bebc4570f4a22ad0f62f5ef0e129ce1ae6fdf42732a3712c8989bf3"
"Kmitora\frontend\tests\e2e\17_demo_operations.spec.ts","1189","2fb71226e8b26f8171dad33c80dd8505b639d8e6c13791e4e6036e2aa9cffdd8"
"Kmitora\frontend\tests\e2e\helpers\api.ts","935","7747aa7824cf80ef4632f16805759c86f729fcc174dd3b7b54d420244fab193e"
"Kmitora\frontend\tests\e2e\helpers\env.ts","1155","51090b467a8077d2768cea1c10c46c4c7c7a36100282495f969f5a5e01148961"
"Kmitora\frontend\tests\e2e\helpers\goldenPath.ts","2709","767ee2abbdf9df809a7026a57644009404c59cde1992f2493d30cfd5df120ed6"
"Kmitora\TEST_DATA\customers.csv","340","864aa12d2ed80a11ffa93e959bf0f2d36d1f419b470e65acbed02264a6fa207b"
"Kmitora\TEST_DATA\KMITORA_SOURCE_DATA.xlsx","15475","6e8745a4ffd5287d35235a98ce7f7830b7ea97cc942a04ff8a19d7f7e5edfd36"
"Kmitora\TEST_DATA\KMITORA_SOURCE_DATA_CLEAN.xlsx","10603","1ab98ef2b106a233a2047889fbbe385ef1efbbaadda217ea54524d2ca89e38c4"
"Kmitora\TEST_DATA\KMITORA_TARGET_DATA.xlsx","18580","92d3ba2cb9faacf1603f03b664817fa43422656efec3912a2dd6a0a2843abdab"
"Kmitora\TEST_DATA\NeuroNetworks.xlsx","105926","588756b16e69c7696c63ce4db63c0b1daf5906b6bfdeb0bf1e05f913c551451c"
"Kmitora\TEST_DATA\orders.csv","259","db90aafdb2771ba2b537ced60ce7e6eee033f141f8e816b77e3abd694c42b6ca"
"Kmitora\TEST_DATA\payments.csv","273","33d62efa4d1d259d9f396b27c47eb0172e3ec571e865a417cfa041eebc1a4ddf"
"Kmitora\TEST_DATA\E2E_GOLDEN\README.md","967","f3fb72984e0242046a7db00740b579eeb72d5ed03625dc409d6abbae7f4fb8cf"
"Kmitora\TEST_DATA\E2E_GOLDEN\expected\expected_counts.json","195","08671b3153a70bcc4ae919c4c2005ac7820564d9f4359c65b9dd31a519707b3f"
"Kmitora\TEST_DATA\E2E_GOLDEN\expected\expected_findings.json","1039","c31d150cb498fa2dce0b8ec1d014fee1591df8b19280fa0be4cd1c633f0c25c9"
"Kmitora\TEST_DATA\E2E_GOLDEN\expected\expected_mappings.json","522","50719e93ab2d2cf052f963beba52643221d8ae29d790baf32b6f9c6e58823bbd"
"Kmitora\TEST_DATA\E2E_GOLDEN\expected\expected_reconciliation.json","302","c94219a4591ef8cafad6afce6ee8e90437b5dd6d191394fb65b327f4eeab2e32"
"Kmitora\TEST_DATA\E2E_GOLDEN\requirements\business_requirements.json","1077","de0527be7d178d8d6bf423038c8b773258834f489548666a6209f6308c90bd26"
"Kmitora\TEST_DATA\E2E_GOLDEN\requirements\business_requirements.txt","723","32fac984331b8b1d5d70115f2aa4c1db7a9c5fa1a89cd9bc294bb5e5b4fcc98b"
"Kmitora\TEST_DATA\E2E_GOLDEN\source\defects\customers.csv","398","8f7bcd97d4effdf7f81f7f96e6817729b63d6c365ca97a0809548c7c35bbd97f"
"Kmitora\TEST_DATA\E2E_GOLDEN\source\defects\notes.jsonl","176","18a60267cb69cbe53c7d195675d0b9425a2a64c0acb50ab67464ef0fe48bbe04"
"Kmitora\TEST_DATA\E2E_GOLDEN\source\defects\orders.csv","365","3d0142c8a7e69b536af58a1022ab247c9ac7361074916d7c7a1fab00cc2f2010"
"Kmitora\TEST_DATA\E2E_GOLDEN\source\defects\order_items.csv","325","9e0b6ef56f7a0a6bf6ecabd376fa603c0b772c7dcd04668123ea856a932ef582"
"Kmitora\TEST_DATA\E2E_GOLDEN\source\happy\customers.csv","305","501446dd3f39a9bd0bc00ca394d40ef9b941778a70fa367b1320e24dabf3710d"
"Kmitora\TEST_DATA\E2E_GOLDEN\source\happy\orders.csv","260","cd62a080046a4fdf2db6467a3dcb2624b2a06bd155ef46d4ae69fd60b539f341"
"Kmitora\TEST_DATA\E2E_GOLDEN\source\happy\order_items.csv","270","1ca380280f59a7491dfaa68017e8cc2b7122541ba01277d389d9dc6059724907"
"Kmitora\TEST_DATA\E2E_GOLDEN\target\postgresql\01_setup_target.sql","1077","0ba18f84e9d0ff7de6765c9f3d2bdc3a80fe73d513a2d94862e266f8f552f8df"
"Kmitora\TEST_DATA\E2E_GOLDEN\target\postgresql\02_reset_target.sql","93","9157cc3c4f209939bb0a49abbe16c052578e11a4533b69a6937c2d4ed27ffb37"
"Kmitora\TEST_DATA\E2E_GOLDEN\target\postgresql\03_reconciliation_queries.sql","660","9be5c8d2a07fa784f73c6cc612baea9e0fc9121ec78d4900bbfece06998f3c03"
"Kmitora\TEST_DATA\KMITORA_E2E_001\customers.csv","340","864aa12d2ed80a11ffa93e959bf0f2d36d1f419b470e65acbed02264a6fa207b"
"Kmitora\TEST_DATA\KMITORA_E2E_001\DEV_POSTGRES_LOAD.sql","4779","491a1a28b862e1520e256ebded3fa82abe955e81e0d7f945ffa007ee9de75d62"
"Kmitora\TEST_DATA\KMITORA_E2E_001\orders.csv","259","db90aafdb2771ba2b537ced60ce7e6eee033f141f8e816b77e3abd694c42b6ca"
"Kmitora\TEST_DATA\KMITORA_E2E_001\payments.csv","273","33d62efa4d1d259d9f396b27c47eb0172e3ec571e865a417cfa041eebc1a4ddf"
"Kmitora\TEST_DATA\KMITORA_E2E_001\CORE_DISCOVERY\business_rules.txt","1197","beabb07148f9dbb46a2027a5f59a98669adae27b9d7e06f9f9ada2bd0890ad20"
"Kmitora\TEST_DATA\KMITORA_E2E_001\CORE_DISCOVERY\target_schema.txt","645","7fc5cddabaa672c1940ca25b335e6459ee62062efeaa9236c995a1385ce62a73"
"Kmitora\TEST_DATA\REFERENCE_MIGRATION_001\DISCOVERY_RESULT.json","138493","18d63f4da665769d671c05278ea20caf12d36fff0b260b516a0d041fae9bd69d"
"Kmitora\TEST_DATA\REFERENCE_MIGRATION_001\DISCOVERY_RESULT.pre-test016.json","43057","80b79989de41f01cc100508bad078485b113d592994d42600f8a6cb6166e8e0e"
"Kmitora\TEST_DATA\REFERENCE_MIGRATION_001\BUSINESS_RULES\requirements.txt","1002","5f042b3dd6632a4f1647f0ff66057da827e5724bf811808785cc863f03b544bb"
"Kmitora\TEST_DATA\REFERENCE_MIGRATION_001\EXPECTED_RESULTS\expected_mapping.txt","512","a763cac6d10b9fc2b193f0ff273b69639e25d0a965df6fbf88e503d6a388d8d6"
"Kmitora\TEST_DATA\REFERENCE_MIGRATION_001\F1_SOURCE\customers.csv","516","c1ffa6219e0244293bdcc6085edbaa7edbd7a1b141c115c6a9d6cb8c6c232b23"
"Kmitora\TEST_DATA\REFERENCE_MIGRATION_001\F1_SOURCE\orders.csv","299","18640e442b3018297ca213f7d5edac6deeffdff1372ab472fb4f4016438bcb2a"
"Kmitora\TEST_DATA\REFERENCE_MIGRATION_001\F2_TARGET\target_schema.txt","504","56de002450a122bfbea7172ed4d350aeb82b6dad82980f270f49566bfdbf12c0"
"Kmitora\TEST_DATA\REFERENCE_MIGRATION_002_DRY_RUN_CLEAN\BUSINESS_RULES\requirements.txt","1002","5f042b3dd6632a4f1647f0ff66057da827e5724bf811808785cc863f03b544bb"
"Kmitora\TEST_DATA\REFERENCE_MIGRATION_002_DRY_RUN_CLEAN\EXPECTED_RESULTS\expected_reconciliation.txt","688","d013867322714c20d9bd062052d916b622b49b15d995e575a4c307075140f4d3"
"Kmitora\TEST_DATA\REFERENCE_MIGRATION_002_DRY_RUN_CLEAN\F1_SOURCE\customers.csv","647","e263192ace4acbfd7280be0912317bbe496fcccd21a0cbc9da4d3d8d1c9f73b6"
"Kmitora\TEST_DATA\REFERENCE_MIGRATION_002_DRY_RUN_CLEAN\F1_SOURCE\orders.csv","357","169b7ba9c8806ecb82980c84629105ac1e3c2b99d7b448d74e5c5602103c541a"
"Kmitora\TEST_DATA\REFERENCE_MIGRATION_002_DRY_RUN_CLEAN\F2_TARGET\target_schema.txt","504","56de002450a122bfbea7172ed4d350aeb82b6dad82980f270f49566bfdbf12c0"
"scripts\KMITORA_DEMO.ps1","8299","5535a67f40e8e3fce52e2473d2afbfc70d1b925a000d919b95d7b8357cc1e618"
"scripts\run-demo-operations-e2e.ps1","1654","2c3686e5088f7e4b390e15370225b239d58bfb262aa526df3a9a2cda4961331d"
"supervisor\kmitora_demo_supervisor.py","19280","ee1ede2769196f4ac0f9f89cf039e23a8ef8152ebe278a3f04474d4df370ea20"
